Student_ID,First_Name,Last_Name,Email,Enrollment_Date,Date_of_Birth,Gender
1,Lindsey,Scott,lindsey.scott@example.com,09/12/23,11/01/02,Male
2,Amanda,Silva,amanda.silva@example.com,02/03/24,10/04/95,Male
3,David,Peterson,david.peterson@example.com,22/10/23,12/05/01,Female
4,Heather,Garcia,heather.garcia@example.com,11/06/24,20/11/98,Female
5,Tiffany,Shepherd,tiffany.shepherd@example.com,07/12/23,13/06/01,Female
6,William,Thornton,william.thornton@example.com,08/05/24,25/03/04,Female
7,Javier,Wilson,javier.wilson@example.com,02/04/24,03/06/95,Female
8,Amber,Harrell,amber.harrell@example.com,25/03/24,04/11/03,Male
9,Courtney,Vance,courtney.vance@example.com,06/02/24,03/07/00,Male
10,Troy,Gonzalez,troy.gonzalez@example.com,27/08/23,21/11/01,Male
11,Dana,Barton,dana.barton@example.com,09/10/23,07/04/98,Male
12,Shannon,Shannon,shannon.shannon@example.com,22/06/23,06/01/00,Male
13,Danny,Holmes,danny.holmes@example.com,16/06/24,13/05/01,Male
14,Leah,Jimenez,leah.jimenez@example.com,01/02/24,07/09/93,Female
15,Gabriel,Salazar,gabriel.salazar@example.com,09/02/24,10/11/98,Male
16,Corey,Kennedy,corey.kennedy@example.com,07/10/23,26/02/99,Female
17,Monica,Martinez,monica.martinez@example.com,19/06/24,14/12/95,Male
18,Barry,Newman,barry.newman@example.com,01/02/24,27/11/96,Female
19,Sarah,Mitchell,sarah.mitchell@example.com,14/09/23,27/10/93,Female
20,John,Thomas,john.thomas@example.com,15/03/24,23/03/01,Male
21,Brian,Williams,brian.williams@example.com,27/03/24,23/10/04,Male
22,Micheal,Lambert,micheal.lambert@example.com,09/11/23,05/08/00,Female
23,Jessica,Bowman,jessica.bowman@example.com,20/11/23,11/03/04,Female
24,Benjamin,Vance,benjamin.vance@example.com,25/02/24,01/04/94,Female
25,Charles,Castillo,charles.castillo@example.com,26/03/24,14/06/05,Male
26,Veronica,Armstrong,veronica.armstrong@example.com,06/01/24,12/05/95,Male
27,Kelly,Everett,kelly.everett@example.com,07/09/23,09/02/95,Male
28,Andre,Roberts,andre.roberts@example.com,01/09/23,06/02/98,Female
29,Melinda,Spencer,melinda.spencer@example.com,08/05/24,03/04/05,Female
30,Kimberly,Cross,kimberly.cross@example.com,11/09/23,23/06/05,Female
31,Taylor,Patrick,taylor.patrick@example.com,23/06/23,10/02/04,Female
32,Cynthia,Murray,cynthia.murray@example.com,27/03/24,12/07/94,Male
33,Dustin,Mitchell,dustin.mitchell@example.com,22/02/24,31/12/95,Female
34,Sean,Simon,sean.simon@example.com,12/06/24,30/04/96,Male
35,Jacob,Gonzales,jacob.gonzales@example.com,12/05/24,22/09/93,Male
36,Michael,Ramos,michael.ramos@example.com,26/03/24,18/04/98,Female
37,Alyssa,Page,alyssa.page@example.com,14/07/23,27/06/95,Male
38,Jennifer,Hill,jennifer.hill@example.com,12/05/24,19/10/98,Female
39,Jessica,Maldonado,jessica.maldonado@example.com,08/10/23,21/06/95,Male
40,Shawn,Brandt,shawn.brandt@example.com,19/07/23,18/05/05,Male
41,Nathan,Brown,nathan.brown@example.com,24/04/24,17/08/04,Male
42,Jennifer,Clark,jennifer.clark@example.com,15/03/24,09/02/03,Male
43,Cody,Weiss,cody.weiss@example.com,04/04/24,29/08/05,Male
44,Joann,Cooke,joann.cooke@example.com,26/03/24,18/01/02,Female
45,Jesus,Stokes,jesus.stokes@example.com,09/05/24,08/03/99,Female
46,Heidi,Hernandez,heidi.hernandez@example.com,12/08/23,10/06/95,Female
47,Andrea,Brown,andrea.brown@example.com,12/11/23,18/02/98,Male
48,Lucas,Brown,lucas.brown@example.com,28/06/23,08/04/97,Male
49,Jacqueline,Harrell,jacqueline.harrell@example.com,20/09/23,13/03/95,Female
50,Kevin,Eaton,kevin.eaton@example.com,27/06/23,27/11/02,Female
51,William,Miller,william.miller@example.com,30/10/23,08/08/03,Male
52,Becky,Flores,becky.flores@example.com,09/09/23,20/04/97,Female
53,Michelle,Harding,michelle.harding@example.com,29/07/23,05/09/98,Female
54,Christopher,Bishop,christopher.bishop@example.com,13/05/24,06/04/97,Male
55,Jessica,Davis,jessica.davis@example.com,29/07/23,03/03/99,Male
56,Evan,Jordan,evan.jordan@example.com,19/09/23,04/03/98,Female
57,Kevin,Benitez,kevin.benitez@example.com,28/04/24,16/03/04,Female
58,Kevin,Fuentes,kevin.fuentes@example.com,31/07/23,13/04/01,Male
59,Robert,Alvarado,robert.alvarado@example.com,15/05/24,28/09/05,Male
60,Jillian,Calhoun,jillian.calhoun@example.com,15/07/23,31/01/95,Female
61,Jason,Love,jason.love@example.com,19/08/23,12/06/03,Male
62,Erica,Mason,erica.mason@example.com,28/11/23,23/10/95,Male
63,Philip,Brown,philip.brown@example.com,07/02/24,04/12/96,Male
64,Mark,Foster,mark.foster@example.com,22/01/24,06/12/03,Male
65,Danny,Kim,danny.kim@example.com,19/11/23,22/03/01,Female
66,Malik,Farmer,malik.farmer@example.com,27/01/24,09/03/96,Male
67,Philip,Moore,philip.moore@example.com,13/09/23,30/12/94,Male
68,Harold,Robinson,harold.robinson@example.com,22/09/23,30/08/04,Female
69,Michael,Sanchez,michael.sanchez@example.com,07/08/23,18/07/96,Male
70,Marc,Jarvis,marc.jarvis@example.com,14/10/23,27/07/94,Female
71,Suzanne,Clements,suzanne.clements@example.com,05/01/24,04/08/96,Male
72,Theresa,Huynh,theresa.huynh@example.com,08/03/24,17/03/99,Male
73,Angela,Dalton,angela.dalton@example.com,15/02/24,14/09/04,Female
74,Jon,Black,jon.black@example.com,22/01/24,14/03/04,Male
75,Melissa,Simpson,melissa.simpson@example.com,25/06/23,02/10/01,Male
76,James,Moreno,james.moreno@example.com,19/11/23,29/11/97,Female
77,Tiffany,Jones,tiffany.jones@example.com,10/12/23,02/11/02,Male
78,Sherry,Young,sherry.young@example.com,13/12/23,26/03/04,Male
79,Cindy,Ross,cindy.ross@example.com,19/12/23,19/04/06,Male
80,Francisco,Munoz,francisco.munoz@example.com,22/12/23,25/11/97,Female
81,Amy,Fisher,amy.fisher@example.com,11/03/24,13/02/01,Male
82,Keith,Collins,keith.collins@example.com,15/04/24,14/12/93,Female
83,Tony,Baker,tony.baker@example.com,02/01/24,10/08/02,Female
84,Felicia,Gonzalez,felicia.gonzalez@example.com,25/07/23,28/11/96,Male
85,Gina,Mcknight,gina.mcknight@example.com,25/03/24,01/10/97,Female
86,Crystal,Smith,crystal.smith@example.com,06/08/23,04/10/93,Female
87,Natasha,Obrien,natasha.obrien@example.com,07/08/23,27/05/03,Male
88,Alyssa,Higgins,alyssa.higgins@example.com,02/09/23,07/09/99,Female
89,Jennifer,Mendoza,jennifer.mendoza@example.com,15/03/24,25/05/01,Female
90,Charles,Miller,charles.miller@example.com,15/09/23,18/07/05,Male
91,Marcia,Davis,marcia.davis@example.com,03/01/24,12/10/02,Male
92,Laura,Colon,laura.colon@example.com,03/09/23,04/03/98,Male
93,Paige,Landry,paige.landry@example.com,29/08/23,19/03/94,Male
94,Gary,Graham,gary.graham@example.com,04/12/23,09/06/96,Female
95,Mark,Pena,mark.pena@example.com,05/01/24,15/07/02,Male
96,Linda,Schwartz,linda.schwartz@example.com,16/06/24,14/02/98,Female
97,Brianna,Holmes,brianna.holmes@example.com,13/06/24,08/10/93,Female
98,Paul,Brown,paul.brown@example.com,29/12/23,06/09/02,Female
99,Nicholas,Hart,nicholas.hart@example.com,06/08/23,22/12/00,Female
100,Paul,Mooney,paul.mooney@example.com,04/10/23,29/11/99,Female
101,Lauren,Estrada,lauren.estrada@example.com,05/07/23,11/10/94,Female
102,Elijah,Price,elijah.price@example.com,20/05/24,28/09/00,Female
103,Noah,Brown,noah.brown@example.com,27/10/23,06/10/03,Male
104,Eric,Walton,eric.walton@example.com,02/07/23,10/01/04,Male
105,James,Mcknight,james.mcknight@example.com,29/07/23,12/09/93,Female
106,Lauren,Solis,lauren.solis@example.com,18/09/23,11/03/01,Female
107,William,Mcneil,william.mcneil@example.com,15/10/23,22/07/03,Male
108,Bruce,Valenzuela,bruce.valenzuela@example.com,13/12/23,20/02/99,Female
109,Justin,Salinas,justin.salinas@example.com,10/12/23,07/04/96,Male
110,Margaret,Reynolds,margaret.reynolds@example.com,03/04/24,04/07/00,Female
111,Matthew,Lawrence,matthew.lawrence@example.com,30/08/23,04/10/94,Male
112,Julie,Moore,julie.moore@example.com,19/12/23,28/09/00,Female
113,Aaron,Mcdonald,aaron.mcdonald@example.com,15/07/23,13/12/03,Female
114,Raymond,Hinton,raymond.hinton@example.com,28/05/24,19/05/04,Male
115,Ashley,Anderson,ashley.anderson@example.com,05/11/23,05/09/96,Male
116,Julie,Bartlett,julie.bartlett@example.com,08/03/24,20/05/94,Female
117,Samuel,Brooks,samuel.brooks@example.com,24/12/23,19/05/00,Male
118,Kristen,Freeman,kristen.freeman@example.com,20/04/24,13/10/04,Male
119,Zachary,Mata,zachary.mata@example.com,20/04/24,17/01/96,Female
120,Laura,Munoz,laura.munoz@example.com,27/09/23,29/03/97,Female
121,John,Hernandez,john.hernandez@example.com,02/12/23,02/12/99,Male
122,Steven,Stevens,steven.stevens@example.com,20/08/23,17/09/96,Female
123,Michelle,Smith,michelle.smith@example.com,24/08/23,11/08/00,Male
124,Donna,Lopez,donna.lopez@example.com,22/08/23,30/01/97,Female
125,Michelle,Sherman,michelle.sherman@example.com,17/01/24,20/12/94,Female
126,Abigail,Benson,abigail.benson@example.com,05/07/23,24/03/06,Female
127,Jamie,Taylor,jamie.taylor@example.com,20/01/24,04/05/05,Female
128,Cynthia,Fitzgerald,cynthia.fitzgerald@example.com,19/03/24,20/03/01,Male
129,Kendra,Heath,kendra.heath@example.com,03/04/24,29/10/95,Male
130,Donna,Rivera,donna.rivera@example.com,02/07/23,26/10/05,Female
131,Scott,Navarro,scott.navarro@example.com,07/09/23,05/11/01,Female
132,Jose,Stevenson,jose.stevenson@example.com,11/04/24,07/04/95,Male
133,Ariel,Thomas,ariel.thomas@example.com,03/04/24,19/07/99,Male
134,Adrian,Snyder,adrian.snyder@example.com,27/07/23,13/02/06,Male
135,Christine,Sawyer,christine.sawyer@example.com,05/09/23,03/04/98,Male
136,Spencer,Olson,spencer.olson@example.com,17/10/23,22/05/95,Female
137,James,Mack,james.mack@example.com,20/03/24,04/03/94,Female
138,Michele,Nguyen,michele.nguyen@example.com,23/12/23,22/01/05,Male
139,Corey,Terry,corey.terry@example.com,06/02/24,23/03/00,Female
140,Sergio,Maxwell,sergio.maxwell@example.com,06/03/24,24/03/00,Male
141,Gina,Ford,gina.ford@example.com,27/08/23,22/12/95,Female
142,John,Flynn,john.flynn@example.com,19/08/23,04/09/98,Female
143,Jason,Thomas,jason.thomas@example.com,04/08/23,13/06/02,Male
144,Brendan,Hale,brendan.hale@example.com,21/01/24,11/04/02,Female
145,Kenneth,Parker,kenneth.parker@example.com,19/11/23,10/03/01,Male
146,Zoe,Benitez,zoe.benitez@example.com,28/02/24,13/10/02,Male
147,Mark,West,mark.west@example.com,26/05/24,21/07/05,Female
148,Kendra,Hanson,kendra.hanson@example.com,01/10/23,27/07/04,Female
149,Taylor,Johnson,taylor.johnson@example.com,24/02/24,05/05/01,Female
150,Dalton,Nguyen,dalton.nguyen@example.com,15/09/23,20/12/00,Female
151,Troy,Le,troy.le@example.com,24/06/23,06/04/06,Female
152,Ryan,Lewis,ryan.lewis@example.com,18/09/23,03/04/03,Male
153,Kelly,Smith,kelly.smith@example.com,25/03/24,25/10/94,Male
154,Mallory,Mccann,mallory.mccann@example.com,27/10/23,04/07/94,Male
155,Judy,Ray,judy.ray@example.com,19/01/24,05/11/02,Female
156,Ruth,Harvey,ruth.harvey@example.com,28/12/23,27/10/97,Female
157,Kayla,Shea,kayla.shea@example.com,11/03/24,30/07/03,Male
158,Susan,Hardy,susan.hardy@example.com,24/11/23,22/06/02,Female
159,John,Sparks,john.sparks@example.com,07/11/23,30/12/93,Male
160,Kathy,Stafford,kathy.stafford@example.com,03/06/24,23/09/00,Female
161,Crystal,Sherman,crystal.sherman@example.com,27/04/24,13/05/98,Female
162,Katie,Simpson,katie.simpson@example.com,02/10/23,17/10/97,Female
163,Jane,Tran,jane.tran@example.com,27/12/23,22/01/97,Male
164,Michael,Jones,michael.jones@example.com,06/02/24,14/04/01,Female
165,Heather,Henry,heather.henry@example.com,05/07/23,06/03/00,Male
166,Travis,Mcguire,travis.mcguire@example.com,17/05/24,24/03/96,Female
167,Robert,Torres,robert.torres@example.com,07/07/23,08/06/98,Female
168,Greg,Williams,greg.williams@example.com,13/06/24,29/03/99,Male
169,Megan,Levy,megan.levy@example.com,28/09/23,22/08/00,Male
170,Richard,Martin,richard.martin@example.com,08/10/23,20/05/95,Male
171,Danny,Atkinson,danny.atkinson@example.com,22/12/23,31/01/95,Female
172,Mathew,Campbell,mathew.campbell@example.com,29/01/24,09/01/01,Male
173,Michael,Johnson,michael.johnson@example.com,06/03/24,16/07/94,Female
174,Sara,Cox,sara.cox@example.com,29/10/23,27/05/94,Male
175,James,Johnson,james.johnson@example.com,23/02/24,12/10/97,Female
176,Felicia,Adams,felicia.adams@example.com,22/11/23,08/03/00,Female
177,Michele,Tran,michele.tran@example.com,17/07/23,05/09/98,Female
178,Samantha,Fox,samantha.fox@example.com,22/03/24,02/01/05,Male
179,Michael,Wright,michael.wright@example.com,08/11/23,27/03/98,Female
180,Raymond,Jackson,raymond.jackson@example.com,14/04/24,28/06/02,Female
181,Sonya,Simon,sonya.simon@example.com,06/09/23,03/09/93,Male
182,Brittney,Newman,brittney.newman@example.com,17/10/23,22/05/97,Male
183,Reginald,Smith,reginald.smith@example.com,30/12/23,01/06/06,Male
184,Katherine,Wilson,katherine.wilson@example.com,28/11/23,28/08/95,Male
185,Amanda,Garcia,amanda.garcia@example.com,16/01/24,13/02/06,Male
186,Hunter,Johnson,hunter.johnson@example.com,25/08/23,23/01/98,Male
187,John,Gregory,john.gregory@example.com,03/08/23,25/06/97,Male
188,Debra,Walsh,debra.walsh@example.com,07/12/23,13/01/01,Male
189,David,Watson,david.watson@example.com,09/03/24,08/08/95,Male
190,Kevin,Stewart,kevin.stewart@example.com,19/09/23,04/03/99,Male
191,Frank,Nelson,frank.nelson@example.com,05/04/24,26/07/01,Female
192,Alicia,Norton,alicia.norton@example.com,18/11/23,03/05/00,Female
193,Lauren,Becker,lauren.becker@example.com,06/04/24,10/12/02,Male
194,Douglas,Castro,douglas.castro@example.com,01/04/24,04/08/97,Female
195,Jose,Jones,jose.jones@example.com,14/09/23,26/09/00,Female
196,Lance,Jones,lance.jones@example.com,10/01/24,12/02/94,Female
197,Kim,Conrad,kim.conrad@example.com,10/05/24,19/11/05,Female
198,Steven,Moore,steven.moore@example.com,18/05/24,25/02/06,Female
199,Kimberly,Barry,kimberly.barry@example.com,29/02/24,23/10/01,Female
200,Ryan,Hernandez,ryan.hernandez@example.com,05/03/24,08/03/05,Female
201,Daniel,Black,daniel.black@example.com,29/02/24,09/08/02,Male
202,Michelle,Carter,michelle.carter@example.com,23/05/24,20/05/99,Male
203,Jessica,Reid,jessica.reid@example.com,08/05/24,08/06/03,Male
204,John,Blevins,john.blevins@example.com,31/08/23,13/02/98,Male
205,Joy,Ramirez,joy.ramirez@example.com,26/12/23,21/06/96,Female
206,Carlos,Smith,carlos.smith@example.com,20/09/23,06/06/05,Female
207,David,Valenzuela,david.valenzuela@example.com,25/12/23,16/10/93,Female
208,Emily,Hanson,emily.hanson@example.com,07/09/23,27/01/05,Female
209,Amy,Fox,amy.fox@example.com,09/04/24,03/02/06,Female
210,Kyle,Woodard,kyle.woodard@example.com,29/12/23,10/03/95,Male
211,James,Young,james.young@example.com,29/02/24,27/06/96,Male
212,Robert,Petersen,robert.petersen@example.com,09/07/23,08/08/96,Male
213,Frank,Wheeler,frank.wheeler@example.com,06/09/23,18/03/94,Male
214,Eugene,Thompson,eugene.thompson@example.com,08/10/23,26/12/03,Male
215,Meredith,Brown,meredith.brown@example.com,21/01/24,14/12/93,Female
216,Isaac,Cain,isaac.cain@example.com,18/08/23,28/02/06,Female
217,Amy,Walters,amy.walters@example.com,11/08/23,22/02/01,Female
218,Melinda,Gilbert,melinda.gilbert@example.com,13/10/23,04/02/01,Male
219,Gregory,Rosario,gregory.rosario@example.com,04/10/23,06/04/99,Female
220,Linda,Moore,linda.moore@example.com,15/01/24,24/11/97,Female
221,Andrew,Lambert,andrew.lambert@example.com,05/04/24,17/12/04,Male
222,Tony,Perkins,tony.perkins@example.com,14/08/23,27/02/94,Female
223,Stephanie,Richards,stephanie.richards@example.com,23/06/23,01/09/00,Male
224,Jessica,Hampton,jessica.hampton@example.com,09/06/24,15/10/03,Female
225,Ashley,Allison,ashley.allison@example.com,28/03/24,16/12/00,Male
226,Lindsay,Williams,lindsay.williams@example.com,22/05/24,28/11/01,Male
227,Karen,Larson,karen.larson@example.com,15/04/24,27/02/99,Male
228,Linda,Ruiz,linda.ruiz@example.com,21/06/24,09/12/98,Female
229,Cassandra,Smith,cassandra.smith@example.com,16/09/23,29/01/98,Male
230,Stacy,Martinez,stacy.martinez@example.com,28/05/24,18/06/95,Male
231,Gabriela,Williams,gabriela.williams@example.com,05/09/23,02/12/01,Female
232,Melissa,Howard,melissa.howard@example.com,16/12/23,20/01/00,Male
233,James,Murphy,james.murphy@example.com,25/03/24,10/08/02,Male
234,Jessica,Harris,jessica.harris@example.com,06/03/24,01/11/00,Male
235,Xavier,Martinez,xavier.martinez@example.com,19/04/24,12/10/94,Female
236,Amanda,Horton,amanda.horton@example.com,05/03/24,27/02/99,Male
237,David,Price,david.price@example.com,06/11/23,02/09/04,Male
238,Brenda,White,brenda.white@example.com,21/02/24,19/05/05,Female
239,Gabriela,Camacho,gabriela.camacho@example.com,04/10/23,31/12/96,Male
240,Stacy,Garcia,stacy.garcia@example.com,30/03/24,28/06/99,Male
241,Louis,Davis,louis.davis@example.com,11/05/24,22/10/02,Male
242,Nicholas,Parker,nicholas.parker@example.com,26/07/23,25/03/03,Female
243,Richard,Schultz,richard.schultz@example.com,17/07/23,01/11/03,Female
244,Stephanie,Scott,stephanie.scott@example.com,23/11/23,03/10/95,Male
245,Anthony,Barr,anthony.barr@example.com,28/06/23,26/08/02,Female
246,Bobby,Banks,bobby.banks@example.com,25/02/24,02/09/95,Male
247,Austin,Perez,austin.perez@example.com,17/04/24,24/08/93,Female
248,Audrey,Stewart,audrey.stewart@example.com,10/10/23,25/03/95,Female
249,Kristin,Summers,kristin.summers@example.com,09/12/23,02/05/04,Male
250,Alec,Lane,alec.lane@example.com,04/07/23,16/12/02,Male
251,Clayton,Jones,clayton.jones@example.com,29/09/23,09/09/94,Male
252,John,Hale,john.hale@example.com,19/09/23,07/01/98,Male
253,Allen,Berry,allen.berry@example.com,04/04/24,07/01/99,Female
254,Timothy,Thornton,timothy.thornton@example.com,13/10/23,08/08/05,Female
255,Anthony,Wells,anthony.wells@example.com,10/01/24,13/12/03,Female
256,Christine,Clayton,christine.clayton@example.com,07/05/24,11/07/00,Male
257,Daniel,Lester,daniel.lester@example.com,02/01/24,18/02/05,Female
258,Kristy,Graham,kristy.graham@example.com,15/10/23,02/02/02,Male
259,Jamie,Hull,jamie.hull@example.com,19/03/24,20/05/96,Male
260,Jennifer,Lamb,jennifer.lamb@example.com,23/03/24,11/11/01,Female
261,Crystal,Rhodes,crystal.rhodes@example.com,21/01/24,09/11/94,Female
262,Megan,Reed,megan.reed@example.com,12/09/23,17/08/99,Female
263,Stephanie,Bradshaw,stephanie.bradshaw@example.com,21/09/23,11/04/05,Male
264,Laurie,Trevino,laurie.trevino@example.com,31/05/24,28/09/05,Male
265,Dustin,Ramos,dustin.ramos@example.com,09/05/24,15/04/95,Female
266,Brandon,Johnson,brandon.johnson@example.com,15/03/24,13/04/02,Male
267,Denise,Yates,denise.yates@example.com,27/04/24,12/02/96,Female
268,Austin,King,austin.king@example.com,17/10/23,23/07/93,Female
269,Samantha,Brooks,samantha.brooks@example.com,21/03/24,10/01/05,Male
270,Shelby,Munoz,shelby.munoz@example.com,14/04/24,24/01/03,Female
271,Christine,Dominguez,christine.dominguez@example.com,01/10/23,31/01/03,Male
272,Tammy,Decker,tammy.decker@example.com,07/04/24,03/07/93,Female
273,Travis,Phillips,travis.phillips@example.com,31/03/24,03/07/99,Male
274,Christopher,Holder,christopher.holder@example.com,30/04/24,07/04/96,Female
275,Christina,Hammond,christina.hammond@example.com,22/05/24,10/03/01,Male
276,Vanessa,Moore,vanessa.moore@example.com,01/02/24,14/06/06,Male
277,Amanda,Juarez,amanda.juarez@example.com,18/08/23,07/02/03,Female
278,Kaylee,Ramirez,kaylee.ramirez@example.com,01/09/23,09/03/01,Female
279,Daniel,Harper,daniel.harper@example.com,24/01/24,13/06/02,Female
280,Brandi,Brown,brandi.brown@example.com,06/10/23,28/06/98,Female
281,Christopher,Floyd,christopher.floyd@example.com,31/08/23,08/06/96,Female
282,Sierra,Vega,sierra.vega@example.com,16/07/23,21/06/94,Male
283,David,Collins,david.collins@example.com,15/01/24,15/01/95,Male
284,James,Butler,james.butler@example.com,31/01/24,14/06/03,Male
285,Rebecca,Walker,rebecca.walker@example.com,17/08/23,30/12/97,Male
286,Kevin,Dunlap,kevin.dunlap@example.com,26/01/24,05/04/05,Female
287,Sandra,Weeks,sandra.weeks@example.com,24/01/24,01/09/93,Female
288,Catherine,Lee,catherine.lee@example.com,23/02/24,04/11/03,Male
289,Michael,Robbins,michael.robbins@example.com,04/01/24,06/09/03,Female
290,Ryan,Stevenson,ryan.stevenson@example.com,22/11/23,19/03/06,Female
291,Ryan,Hudson,ryan.hudson@example.com,20/08/23,12/12/98,Female
292,Darlene,Green,darlene.green@example.com,15/07/23,15/06/04,Female
293,Tamara,Johnson,tamara.johnson@example.com,03/10/23,31/03/96,Female
294,Brandy,Black,brandy.black@example.com,08/07/23,05/05/94,Male
295,Eric,Patel,eric.patel@example.com,30/05/24,01/07/02,Female
296,Stacey,Elliott,stacey.elliott@example.com,14/12/23,28/03/04,Female
297,Jason,Kelly,jason.kelly@example.com,31/12/23,31/07/02,Female
298,Bruce,Davis,bruce.davis@example.com,24/01/24,16/12/94,Female
299,Jessica,Perry,jessica.perry@example.com,04/09/23,22/04/98,Female
300,Stephanie,Lopez,stephanie.lopez@example.com,17/09/23,21/10/04,Male
301,Paul,Cooper,paul.cooper@example.com,30/01/24,24/04/02,Male
302,Phillip,Barber,phillip.barber@example.com,30/03/24,17/02/04,Female
303,Ryan,Nolan,ryan.nolan@example.com,20/09/23,04/12/04,Male
304,Gabriel,Reynolds,gabriel.reynolds@example.com,13/08/23,08/07/94,Female
305,Annette,Mccarthy,annette.mccarthy@example.com,12/06/24,23/08/04,Female
306,Jennifer,Shields,jennifer.shields@example.com,12/12/23,11/08/01,Male
307,Daniel,Miller,daniel.miller@example.com,03/01/24,01/04/99,Female
308,Gregory,Williams,gregory.williams@example.com,10/08/23,14/07/95,Female
309,Jill,Bernard,jill.bernard@example.com,08/12/23,02/02/04,Female
310,Andrea,Smith,andrea.smith@example.com,24/07/23,10/11/93,Male
311,Rachel,Boyd,rachel.boyd@example.com,05/11/23,03/05/98,Male
312,Jenna,Hughes,jenna.hughes@example.com,06/09/23,05/01/96,Male
313,Amy,Young,amy.young@example.com,18/08/23,18/05/98,Female
314,Laura,Henry,laura.henry@example.com,23/03/24,15/03/00,Female
315,Jay,Nelson,jay.nelson@example.com,10/02/24,03/01/95,Male
316,Michael,Arnold,michael.arnold@example.com,30/11/23,17/11/96,Male
317,Aaron,Gonzalez,aaron.gonzalez@example.com,22/03/24,03/03/04,Male
318,Michael,Vasquez,michael.vasquez@example.com,18/12/23,28/05/96,Female
319,Michael,Taylor,michael.taylor@example.com,03/01/24,19/03/99,Female
320,Jodi,Jackson,jodi.jackson@example.com,13/04/24,31/10/95,Female
321,Jamie,Wilson,jamie.wilson@example.com,28/11/23,22/05/00,Male
322,Rebecca,Ross,rebecca.ross@example.com,03/03/24,25/06/01,Male
323,Brittany,Parker,brittany.parker@example.com,14/11/23,02/11/94,Male
324,Alexandra,Davidson,alexandra.davidson@example.com,16/02/24,10/05/05,Female
325,Jeremiah,Diaz,jeremiah.diaz@example.com,03/08/23,23/03/02,Male
326,Frank,West,frank.west@example.com,23/05/24,07/11/01,Female
327,Richard,Shields,richard.shields@example.com,22/06/23,29/06/97,Male
328,Jamie,Carlson,jamie.carlson@example.com,19/10/23,25/04/99,Female
329,Christopher,Lopez,christopher.lopez@example.com,09/09/23,03/01/02,Male
330,Robert,Garcia,robert.garcia@example.com,30/01/24,28/06/02,Male
331,William,Fisher,william.fisher@example.com,06/08/23,06/11/97,Female
332,Tiffany,Salinas,tiffany.salinas@example.com,21/01/24,02/01/03,Male
333,Beth,Pope,beth.pope@example.com,20/07/23,29/11/01,Male
334,Jill,Martinez,jill.martinez@example.com,07/02/24,11/10/00,Male
335,Linda,Jones,linda.jones@example.com,29/07/23,18/08/93,Male
336,Kyle,Lester,kyle.lester@example.com,24/07/23,07/07/96,Female
337,David,Alexander,david.alexander@example.com,26/05/24,24/05/96,Female
338,Elizabeth,Ortiz,elizabeth.ortiz@example.com,28/11/23,04/03/04,Male
339,Charles,Woods,charles.woods@example.com,11/04/24,14/02/99,Female
340,Rebecca,Jones,rebecca.jones@example.com,31/08/23,01/01/01,Female
341,Jessica,Thomas,jessica.thomas@example.com,24/11/23,06/02/05,Female
342,Evan,Mann,evan.mann@example.com,25/09/23,28/10/03,Female
343,Kyle,Benitez,kyle.benitez@example.com,26/09/23,20/07/04,Male
344,Bethany,Jackson,bethany.jackson@example.com,06/04/24,14/03/96,Male
345,Thomas,Baird,thomas.baird@example.com,02/03/24,03/08/97,Male
346,Lisa,Lopez,lisa.lopez@example.com,27/02/24,07/10/97,Female
347,Stanley,Cole,stanley.cole@example.com,23/09/23,02/02/97,Male
348,Lisa,Daniel,lisa.daniel@example.com,08/06/24,22/09/95,Male
349,Heather,Hall,heather.hall@example.com,23/02/24,13/05/98,Female
350,Maurice,Ward,maurice.ward@example.com,04/12/23,17/04/97,Male
351,Garrett,Stewart,garrett.stewart@example.com,18/07/23,18/04/94,Male
352,Dylan,Walker,dylan.walker@example.com,04/05/24,15/09/94,Male
353,Kevin,Webb,kevin.webb@example.com,10/04/24,03/11/01,Female
354,Michael,Davis,michael.davis@example.com,28/10/23,27/02/94,Female
355,Ashley,Ruiz,ashley.ruiz@example.com,13/06/24,22/06/04,Female
356,Jesse,Glenn,jesse.glenn@example.com,08/08/23,31/07/01,Male
357,Gregory,Rodriguez,gregory.rodriguez@example.com,16/12/23,04/01/01,Male
358,Ronald,Weiss,ronald.weiss@example.com,20/03/24,27/06/01,Female
359,Jesse,Simpson,jesse.simpson@example.com,12/09/23,14/09/99,Female
360,Carla,Bennett,carla.bennett@example.com,21/10/23,09/06/04,Female
361,Michael,Jacobs,michael.jacobs@example.com,26/12/23,01/08/03,Female
362,Melinda,James,melinda.james@example.com,29/05/24,22/10/00,Female
363,Emily,Garcia,emily.garcia@example.com,21/06/24,13/08/02,Male
364,Timothy,Morgan,timothy.morgan@example.com,25/11/23,13/11/94,Female
365,David,Phillips,david.phillips@example.com,02/09/23,11/02/04,Female
366,Anthony,Butler,anthony.butler@example.com,05/04/24,01/10/00,Male
367,Rebecca,Velasquez,rebecca.velasquez@example.com,21/07/23,13/05/95,Male
368,Amy,Howard,amy.howard@example.com,30/11/23,12/11/00,Male
369,Thomas,Smith,thomas.smith@example.com,26/03/24,27/08/99,Male
370,Antonio,Jackson,antonio.jackson@example.com,16/06/24,15/06/01,Male
371,Trevor,Mitchell,trevor.mitchell@example.com,10/06/24,09/02/94,Male
372,John,Jones,john.jones@example.com,23/05/24,17/12/93,Male
373,Amber,Burton,amber.burton@example.com,18/09/23,20/06/96,Female
374,Theresa,Ortiz,theresa.ortiz@example.com,22/06/23,21/01/05,Male
375,Jason,Mcdaniel,jason.mcdaniel@example.com,22/09/23,12/04/00,Female
376,Daniel,Jenkins,daniel.jenkins@example.com,31/07/23,31/01/00,Male
377,Destiny,Rogers,destiny.rogers@example.com,20/06/24,21/08/05,Male
378,Sean,Morgan,sean.morgan@example.com,04/11/23,13/07/03,Male
379,Jennifer,Raymond,jennifer.raymond@example.com,26/12/23,15/09/98,Female
380,Debra,Harrison,debra.harrison@example.com,27/08/23,08/05/06,Female
381,Joshua,Phillips,joshua.phillips@example.com,21/05/24,22/02/06,Male
382,Amanda,Joseph,amanda.joseph@example.com,24/02/24,04/10/99,Female
383,Elizabeth,Thompson,elizabeth.thompson@example.com,24/03/24,19/10/02,Male
384,James,Singleton,james.singleton@example.com,14/07/23,09/08/02,Male
385,Mary,Moore,mary.moore@example.com,07/08/23,11/07/94,Male
386,Zachary,Alvarez,zachary.alvarez@example.com,11/09/23,31/01/99,Female
387,Virginia,Patel,virginia.patel@example.com,27/07/23,17/11/98,Male
388,Robert,Hicks,robert.hicks@example.com,17/09/23,12/03/97,Male
389,Kevin,Stewart,kevin.stewart@example.com,09/08/23,11/12/95,Female
390,Brandi,Chavez,brandi.chavez@example.com,29/02/24,11/07/94,Male
391,Daniel,Hall,daniel.hall@example.com,07/12/23,26/04/97,Male
392,James,Smith,james.smith@example.com,14/07/23,20/12/00,Male
393,Stanley,Howe,stanley.howe@example.com,21/05/24,30/05/95,Female
394,Michael,Camacho,michael.camacho@example.com,06/02/24,12/03/02,Female
395,Susan,Rivera,susan.rivera@example.com,04/09/23,21/01/96,Male
396,Nancy,Gonzalez,nancy.gonzalez@example.com,31/05/24,29/07/01,Female
397,Thomas,Love,thomas.love@example.com,07/07/23,05/05/01,Female
398,Angela,Anderson,angela.anderson@example.com,28/12/23,01/03/04,Male
399,Vicki,Powers,vicki.powers@example.com,24/05/24,20/03/01,Female
400,Benjamin,Collins,benjamin.collins@example.com,24/09/23,26/08/04,Male
401,Heather,Hamilton,heather.hamilton@example.com,28/02/24,20/06/06,Female
402,Sean,Brown,sean.brown@example.com,30/06/23,01/01/00,Male
403,Barbara,Brown,barbara.brown@example.com,17/10/23,05/10/97,Male
404,Gail,Gardner,gail.gardner@example.com,15/06/24,17/08/01,Female
405,Derrick,Velasquez,derrick.velasquez@example.com,09/06/24,26/02/05,Male
406,Desiree,Smith,desiree.smith@example.com,20/01/24,03/03/01,Male
407,Laurie,Guerra,laurie.guerra@example.com,01/05/24,26/09/99,Female
408,Jenna,Barnett,jenna.barnett@example.com,27/01/24,17/07/98,Female
409,Robin,Simmons,robin.simmons@example.com,21/01/24,11/07/93,Male
410,Maureen,Moore,maureen.moore@example.com,23/11/23,30/05/02,Female
411,Eric,Smith,eric.smith@example.com,16/03/24,25/07/96,Male
412,Daniel,Humphrey,daniel.humphrey@example.com,14/07/23,21/07/00,Male
413,Jenna,York,jenna.york@example.com,17/06/24,08/06/00,Male
414,Courtney,Carlson,courtney.carlson@example.com,25/12/23,16/04/95,Male
415,Steven,Ramirez,steven.ramirez@example.com,13/09/23,27/07/02,Male
416,Kathleen,Frazier,kathleen.frazier@example.com,14/02/24,16/08/99,Female
417,Steven,Curry,steven.curry@example.com,26/07/23,20/10/00,Female
418,Debra,Hahn,debra.hahn@example.com,25/05/24,31/03/95,Male
419,Robert,Chavez,robert.chavez@example.com,16/08/23,06/08/97,Female
420,David,Phillips,david.phillips@example.com,01/01/24,04/08/97,Male
421,Mark,Mendez,mark.mendez@example.com,28/12/23,28/11/00,Female
422,Denise,Ray,denise.ray@example.com,25/09/23,13/03/01,Male
423,Michael,Richardson,michael.richardson@example.com,12/07/23,22/11/99,Male
424,Christopher,Snyder,christopher.snyder@example.com,31/08/23,25/08/95,Female
425,Caroline,Gonzalez,caroline.gonzalez@example.com,18/07/23,23/05/03,Male
426,Sheryl,Wilson,sheryl.wilson@example.com,22/12/23,29/06/04,Male
427,Elizabeth,Pace,elizabeth.pace@example.com,13/04/24,24/09/99,Male
428,Douglas,Herrera,douglas.herrera@example.com,20/04/24,24/07/02,Female
429,Michael,Jackson,michael.jackson@example.com,28/03/24,05/03/01,Male
430,Travis,Morgan,travis.morgan@example.com,30/12/23,21/07/05,Female
431,Earl,Rojas,earl.rojas@example.com,04/10/23,31/05/00,Male
432,Christina,Thompson,christina.thompson@example.com,18/03/24,10/03/04,Male
433,Heather,Lucero,heather.lucero@example.com,01/02/24,04/02/06,Male
434,Crystal,Thomas,crystal.thomas@example.com,18/04/24,13/08/95,Female
435,Stephen,Hicks,stephen.hicks@example.com,05/12/23,11/02/98,Female
436,Robert,Wilson,robert.wilson@example.com,03/05/24,29/04/01,Male
437,Zachary,Ramirez,zachary.ramirez@example.com,09/01/24,03/03/95,Female
438,Luke,Stein,luke.stein@example.com,16/07/23,21/09/99,Male
439,Michaela,Sanders,michaela.sanders@example.com,28/02/24,18/01/02,Female
440,Wanda,Bowman,wanda.bowman@example.com,13/07/23,15/08/03,Female
441,Ryan,Montgomery,ryan.montgomery@example.com,19/04/24,21/04/98,Female
442,Lori,Norton,lori.norton@example.com,28/12/23,25/07/97,Female
443,Debbie,Parker,debbie.parker@example.com,02/10/23,09/04/03,Female
444,Rodney,Carter,rodney.carter@example.com,09/06/24,08/03/02,Male
445,David,Perez,david.perez@example.com,17/05/24,23/05/94,Male
446,David,Davenport,david.davenport@example.com,05/10/23,07/01/94,Male
447,Michael,Marshall,michael.marshall@example.com,01/02/24,27/08/98,Female
448,Heather,Lewis,heather.lewis@example.com,10/09/23,21/04/99,Male
449,Brian,Clark,brian.clark@example.com,02/03/24,12/07/99,Male
450,Laurie,Scott,laurie.scott@example.com,27/10/23,08/03/01,Female
451,Michelle,Lewis,michelle.lewis@example.com,24/02/24,11/08/02,Male
452,Jonathan,Cox,jonathan.cox@example.com,02/06/24,28/07/00,Male
453,Lee,Faulkner,lee.faulkner@example.com,08/09/23,25/12/05,Male
454,Kelly,Wiley,kelly.wiley@example.com,03/11/23,24/04/00,Female
455,Teresa,Fletcher,teresa.fletcher@example.com,27/07/23,27/04/01,Female
456,Andrea,Hubbard,andrea.hubbard@example.com,15/04/24,05/04/02,Female
457,Jesus,Moody,jesus.moody@example.com,20/06/24,24/07/99,Male
458,Chelsea,Ortega,chelsea.ortega@example.com,17/10/23,15/04/94,Female
459,Jason,Henderson,jason.henderson@example.com,24/07/23,30/09/05,Female
460,George,Brady,george.brady@example.com,20/06/24,31/03/95,Male
461,Adam,Meyer,adam.meyer@example.com,28/01/24,10/02/98,Female
462,David,Gardner,david.gardner@example.com,21/06/24,19/05/06,Male
463,Diane,Winters,diane.winters@example.com,25/03/24,21/05/02,Male
464,William,Byrd,william.byrd@example.com,02/08/23,12/04/98,Male
465,Ricky,Martin,ricky.martin@example.com,16/12/23,14/07/96,Male
466,Erin,Williams,erin.williams@example.com,23/06/23,15/02/99,Female
467,Stephen,Valdez,stephen.valdez@example.com,08/10/23,07/08/99,Male
468,Ashley,Mcdowell,ashley.mcdowell@example.com,18/06/24,26/03/06,Female
469,Bobby,Mendez,bobby.mendez@example.com,05/11/23,05/11/94,Female
470,Mackenzie,Ramos,mackenzie.ramos@example.com,06/11/23,10/10/97,Male
471,Miranda,Franklin,miranda.franklin@example.com,23/09/23,26/03/06,Female
472,Richard,Jones,richard.jones@example.com,20/04/24,12/07/02,Female
473,Grant,Herrera,grant.herrera@example.com,28/03/24,02/06/94,Female
474,Johnathan,Pope,johnathan.pope@example.com,12/02/24,28/12/03,Female
475,Victor,Castro,victor.castro@example.com,07/02/24,11/09/02,Female
476,Julie,Carey,julie.carey@example.com,29/10/23,25/01/94,Male
477,Melvin,Davis,melvin.davis@example.com,31/12/23,08/06/98,Male
478,Hector,Marshall,hector.marshall@example.com,02/05/24,24/11/95,Male
479,Kimberly,Moore,kimberly.moore@example.com,14/01/24,06/02/98,Male
480,Amy,Schaefer,amy.schaefer@example.com,19/04/24,19/03/94,Male
481,Brian,Gonzales,brian.gonzales@example.com,02/07/23,19/01/97,Male
482,Dominique,Cordova,dominique.cordova@example.com,31/03/24,03/02/04,Male
483,Gary,Ryan,gary.ryan@example.com,21/01/24,18/09/98,Male
484,Amanda,Allison,amanda.allison@example.com,28/10/23,07/08/99,Female
485,Gregory,Anderson,gregory.anderson@example.com,02/08/23,07/04/04,Female
486,Christopher,Henry,christopher.henry@example.com,23/07/23,08/04/94,Female
487,Kathleen,Thomas,kathleen.thomas@example.com,18/12/23,11/01/99,Male
488,Carla,Lee,carla.lee@example.com,11/07/23,07/12/96,Male
489,James,Smith,james.smith@example.com,02/08/23,29/06/94,Female
490,Michael,Lee,michael.lee@example.com,20/07/23,28/11/01,Female
491,Jacqueline,Galloway,jacqueline.galloway@example.com,01/05/24,09/07/05,Female
492,Lynn,Mendoza,lynn.mendoza@example.com,09/11/23,04/03/03,Female
493,Christian,Wright,christian.wright@example.com,03/12/23,02/03/03,Male
494,Timothy,Hanson,timothy.hanson@example.com,29/06/23,02/05/99,Female
495,Susan,Stuart,susan.stuart@example.com,01/07/23,11/08/98,Female
496,Jason,Dyer,jason.dyer@example.com,09/11/23,17/10/02,Male
497,David,Howard,david.howard@example.com,05/09/23,23/05/03,Male
498,Adrian,Wallace,adrian.wallace@example.com,09/08/23,20/12/04,Male
499,Eric,Hansen,eric.hansen@example.com,01/10/23,07/10/93,Male
500,Brian,Harris,brian.harris@example.com,22/11/23,23/05/03,Female
501,Michael,Morrow,michael.morrow@example.com,07/06/24,10/02/99,Male
502,Christian,Simpson,christian.simpson@example.com,30/07/23,20/04/94,Male
503,Michael,Patterson,michael.patterson@example.com,19/03/24,21/10/02,Female
504,Deborah,Green,deborah.green@example.com,12/02/24,14/02/04,Male
505,Justin,Rosales,justin.rosales@example.com,26/10/23,24/03/00,Female
506,Joshua,George,joshua.george@example.com,22/06/23,25/10/95,Male
507,Kyle,Horton,kyle.horton@example.com,19/01/24,29/11/99,Male
508,Laura,Carter,laura.carter@example.com,08/01/24,07/04/04,Male
509,Christopher,Oliver,christopher.oliver@example.com,06/09/23,22/04/00,Female
510,Ellen,Ellis,ellen.ellis@example.com,09/03/24,28/09/94,Male
511,Alexander,Walker,alexander.walker@example.com,21/07/23,17/11/95,Female
512,Hector,Richardson,hector.richardson@example.com,06/05/24,03/02/98,Male
513,Ricky,Obrien,ricky.obrien@example.com,30/03/24,25/06/96,Female
514,Lawrence,Johnson,lawrence.johnson@example.com,27/10/23,13/10/93,Male
515,Paul,Pitts,paul.pitts@example.com,18/11/23,19/07/96,Male
516,Angela,Wu,angela.wu@example.com,05/10/23,04/07/96,Female
517,David,Farley,david.farley@example.com,22/11/23,08/02/99,Male
518,Mark,Snow,mark.snow@example.com,29/04/24,10/05/05,Male
519,Kelly,English,kelly.english@example.com,03/11/23,11/12/03,Male
520,Carlos,Dalton,carlos.dalton@example.com,19/10/23,16/03/05,Male
521,Kent,Sanders,kent.sanders@example.com,17/07/23,27/08/96,Male
522,Stephen,Olson,stephen.olson@example.com,11/02/24,03/09/94,Male
523,Lisa,Wang,lisa.wang@example.com,22/04/24,05/11/99,Male
524,Troy,Brooks,troy.brooks@example.com,21/08/23,24/07/02,Male
525,Christina,Jones,christina.jones@example.com,19/09/23,07/03/00,Female
526,Lisa,Price,lisa.price@example.com,03/09/23,09/02/05,Male
527,Tammy,Cook,tammy.cook@example.com,04/03/24,12/02/96,Female
528,Stephanie,Snyder,stephanie.snyder@example.com,12/08/23,07/05/99,Female
529,Cody,Henderson,cody.henderson@example.com,24/12/23,02/07/95,Male
530,Rita,Velazquez,rita.velazquez@example.com,24/09/23,13/04/03,Female
531,Jennifer,Ruiz,jennifer.ruiz@example.com,03/04/24,31/12/05,Female
532,Rachel,Ball,rachel.ball@example.com,29/09/23,24/08/95,Male
533,John,Anderson,john.anderson@example.com,10/11/23,25/04/04,Male
534,Amanda,Chapman,amanda.chapman@example.com,20/08/23,11/12/93,Female
535,Kim,Le,kim.le@example.com,16/06/24,01/03/99,Female
536,Dustin,Downs,dustin.downs@example.com,13/10/23,20/10/93,Female
537,Andrew,Miller,andrew.miller@example.com,21/12/23,31/12/04,Male
538,Renee,Cook,renee.cook@example.com,16/11/23,25/06/95,Male
539,Robert,Anderson,robert.anderson@example.com,21/03/24,11/05/96,Male
540,Sharon,Flores,sharon.flores@example.com,22/01/24,20/10/96,Female
541,Matthew,Blake,matthew.blake@example.com,16/06/24,31/03/99,Male
542,Steven,Davis,steven.davis@example.com,14/04/24,22/09/95,Female
543,David,Shaw,david.shaw@example.com,08/04/24,09/05/00,Female
544,Lorraine,Pearson,lorraine.pearson@example.com,31/12/23,23/05/97,Female
545,Jillian,Mcpherson,jillian.mcpherson@example.com,28/07/23,31/10/93,Male
546,Jeremy,Clark,jeremy.clark@example.com,09/10/23,11/03/98,Male
547,Lori,Hansen,lori.hansen@example.com,31/03/24,11/11/97,Male
548,Christina,Smith,christina.smith@example.com,15/03/24,09/04/99,Female
549,Melissa,Morales,melissa.morales@example.com,26/01/24,29/03/01,Female
550,Mark,Hunt,mark.hunt@example.com,15/09/23,15/03/99,Male
551,David,Roberts,david.roberts@example.com,26/03/24,13/10/99,Female
552,Kenneth,Espinoza,kenneth.espinoza@example.com,19/09/23,08/04/96,Male
553,Martin,Brown,martin.brown@example.com,03/04/24,03/11/03,Male
554,Erik,Butler,erik.butler@example.com,26/09/23,09/12/94,Male
555,Evelyn,Patton,evelyn.patton@example.com,13/05/24,14/07/99,Male
556,Joshua,Bond,joshua.bond@example.com,15/12/23,17/04/06,Male
557,Katherine,Williams,katherine.williams@example.com,06/02/24,18/03/00,Female
558,Victoria,Henry,victoria.henry@example.com,13/01/24,31/01/05,Female
559,Nathan,Lambert,nathan.lambert@example.com,17/06/24,22/07/99,Male
560,Tara,Estrada,tara.estrada@example.com,20/10/23,10/03/04,Male
561,Lisa,Callahan,lisa.callahan@example.com,18/01/24,25/03/01,Male
562,Jennifer,Petersen,jennifer.petersen@example.com,23/10/23,08/03/05,Male
563,Micheal,Wood,micheal.wood@example.com,18/05/24,09/07/95,Male
564,Michael,Sanchez,michael.sanchez@example.com,04/04/24,16/07/96,Female
565,William,Nicholson,william.nicholson@example.com,09/01/24,07/07/03,Female
566,Jonathan,Gates,jonathan.gates@example.com,02/12/23,03/01/97,Female
567,Robert,Morales,robert.morales@example.com,13/01/24,23/05/01,Female
568,Jennifer,Lopez,jennifer.lopez@example.com,13/02/24,06/09/98,Female
569,Misty,Mays,misty.mays@example.com,29/12/23,31/03/97,Male
570,Benjamin,Stewart,benjamin.stewart@example.com,21/11/23,10/05/00,Female
571,Jason,Harvey,jason.harvey@example.com,10/06/24,06/05/06,Male
572,Lucas,Jones,lucas.jones@example.com,18/04/24,21/08/94,Female
573,Jeffrey,Foster,jeffrey.foster@example.com,19/08/23,09/08/03,Male
574,Jonathan,Jones,jonathan.jones@example.com,16/10/23,26/08/03,Female
575,David,Gibson,david.gibson@example.com,31/08/23,24/12/00,Male
576,Christina,Freeman,christina.freeman@example.com,24/01/24,11/05/03,Female
577,Jennifer,Hill,jennifer.hill@example.com,28/10/23,08/12/97,Female
578,Brian,Dean,brian.dean@example.com,26/05/24,04/09/93,Male
579,Nathaniel,Ross,nathaniel.ross@example.com,22/07/23,23/10/97,Female
580,Eric,Trujillo,eric.trujillo@example.com,20/08/23,20/01/03,Female
581,Michele,Mason,michele.mason@example.com,20/09/23,11/01/97,Female
582,Annette,Lawrence,annette.lawrence@example.com,12/07/23,19/08/98,Female
583,John,Williams,john.williams@example.com,04/10/23,06/08/95,Male
584,Sarah,Smith,sarah.smith@example.com,04/11/23,19/03/99,Female
585,Matthew,Edwards,matthew.edwards@example.com,22/09/23,08/11/93,Female
586,Raymond,Pratt,raymond.pratt@example.com,15/02/24,25/08/95,Male
587,Nicole,Stokes,nicole.stokes@example.com,13/03/24,09/08/97,Female
588,Diane,Johnson,diane.johnson@example.com,16/07/23,28/12/01,Female
589,Whitney,Brewer,whitney.brewer@example.com,21/05/24,11/07/93,Male
590,Stacey,Ray,stacey.ray@example.com,02/05/24,12/07/97,Male
591,Joseph,Anthony,joseph.anthony@example.com,10/05/24,12/08/96,Female
592,Mary,Bell,mary.bell@example.com,09/04/24,30/01/05,Male
593,Megan,Jackson,megan.jackson@example.com,13/04/24,02/04/01,Female
594,Megan,Mitchell,megan.mitchell@example.com,16/10/23,09/10/96,Female
595,Gary,Franklin,gary.franklin@example.com,11/12/23,23/03/06,Male
596,Ashley,Sandoval,ashley.sandoval@example.com,02/07/23,18/09/00,Male
597,Victoria,Richardson,victoria.richardson@example.com,11/03/24,25/01/02,Female
598,Glenda,Sparks,glenda.sparks@example.com,16/09/23,29/10/03,Female
599,Nicole,Martin,nicole.martin@example.com,08/09/23,01/09/01,Female
600,Andrew,Murray,andrew.murray@example.com,22/09/23,18/05/01,Female
601,Philip,Booth,philip.booth@example.com,30/11/23,07/10/97,Male
602,Ryan,Gibbs,ryan.gibbs@example.com,05/07/23,29/05/99,Male
603,Emily,Fox,emily.fox@example.com,20/07/23,08/10/03,Female
604,Julia,Ryan,julia.ryan@example.com,23/02/24,20/12/00,Female
605,Scott,Hernandez,scott.hernandez@example.com,25/04/24,07/09/93,Male
606,Alexis,Bautista,alexis.bautista@example.com,17/12/23,14/12/98,Female
607,Gregory,Cline,gregory.cline@example.com,27/11/23,09/05/95,Female
608,Jeremiah,Hernandez,jeremiah.hernandez@example.com,30/03/24,25/05/03,Male
609,Calvin,Calhoun,calvin.calhoun@example.com,17/05/24,07/05/04,Male
610,James,Boyle,james.boyle@example.com,22/01/24,11/08/99,Female
611,Daniel,Brown,daniel.brown@example.com,19/10/23,01/06/02,Male
612,James,Johnson,james.johnson@example.com,15/05/24,18/02/96,Female
613,Crystal,Hall,crystal.hall@example.com,30/11/23,12/08/94,Male
614,David,Rodriguez,david.rodriguez@example.com,05/06/24,14/01/01,Female
615,Danielle,Bennett,danielle.bennett@example.com,23/01/24,06/07/99,Female
616,Jennifer,Hood,jennifer.hood@example.com,29/05/24,19/03/02,Male
617,Trevor,Merritt,trevor.merritt@example.com,19/09/23,26/05/00,Female
618,Sarah,Kirby,sarah.kirby@example.com,29/04/24,02/06/00,Female
619,Monica,Evans,monica.evans@example.com,10/05/24,22/09/02,Male
620,Kari,Gallagher,kari.gallagher@example.com,26/08/23,20/10/00,Male
621,Randall,Salazar,randall.salazar@example.com,05/04/24,29/09/04,Female
622,Aaron,May,aaron.may@example.com,15/04/24,17/12/96,Female
623,Christian,Morales,christian.morales@example.com,30/04/24,26/11/05,Female
624,Scott,Walker,scott.walker@example.com,14/08/23,31/12/01,Female
625,Cory,Mcmillan,cory.mcmillan@example.com,24/03/24,05/05/01,Female
626,Sheryl,Ingram,sheryl.ingram@example.com,28/02/24,16/08/99,Female
627,Mackenzie,Wood,mackenzie.wood@example.com,30/12/23,28/11/97,Male
628,Jane,Parker,jane.parker@example.com,02/12/23,09/09/00,Male
629,Brian,Lawson,brian.lawson@example.com,11/02/24,12/10/04,Female
630,Peter,Thompson,peter.thompson@example.com,28/02/24,16/06/99,Female
631,Carolyn,Hernandez,carolyn.hernandez@example.com,06/12/23,01/02/98,Male
632,Jeffrey,Thomas,jeffrey.thomas@example.com,13/09/23,29/10/99,Female
633,Christopher,Rodriguez,christopher.rodriguez@example.com,04/02/24,27/07/96,Male
634,Jessica,Cantrell,jessica.cantrell@example.com,02/04/24,10/12/05,Female
635,Sean,Kim,sean.kim@example.com,10/06/24,01/10/97,Female
636,Jesse,Wang,jesse.wang@example.com,12/07/23,14/06/03,Male
637,Natasha,Hester,natasha.hester@example.com,06/10/23,12/09/99,Female
638,Scott,Gonzalez,scott.gonzalez@example.com,14/06/24,08/10/98,Male
639,Debra,Hawkins,debra.hawkins@example.com,12/07/23,26/10/98,Male
640,Brittany,Powell,brittany.powell@example.com,11/04/24,14/05/95,Male
641,Lindsay,Jimenez,lindsay.jimenez@example.com,30/12/23,14/09/00,Female
642,Carla,Lester,carla.lester@example.com,14/05/24,03/06/97,Female
643,Kelly,Jensen,kelly.jensen@example.com,16/02/24,13/03/05,Male
644,Katherine,Lynch,katherine.lynch@example.com,15/02/24,31/03/06,Male
645,Jonathan,Mack,jonathan.mack@example.com,30/12/23,16/03/03,Female
646,Sheryl,Williams,sheryl.williams@example.com,21/03/24,13/05/01,Female
647,Andrea,Soto,andrea.soto@example.com,01/03/24,04/08/05,Female
648,David,Lee,david.lee@example.com,31/05/24,27/06/93,Female
649,Zachary,Gibson,zachary.gibson@example.com,30/10/23,19/02/05,Female
650,Stephanie,Wallace,stephanie.wallace@example.com,27/07/23,26/08/93,Male
651,David,Phillips,david.phillips@example.com,12/01/24,11/03/04,Female
652,April,Perry,april.perry@example.com,28/05/24,25/02/94,Male
653,Jennifer,Medina,jennifer.medina@example.com,19/06/24,01/06/97,Female
654,Theodore,Reyes,theodore.reyes@example.com,20/05/24,22/02/97,Female
655,Melissa,Barnes,melissa.barnes@example.com,06/04/24,21/09/00,Female
656,Veronica,Nguyen,veronica.nguyen@example.com,16/07/23,29/12/04,Female
657,Tammy,Henderson,tammy.henderson@example.com,09/08/23,23/11/95,Male
658,William,Bean,william.bean@example.com,08/05/24,15/04/96,Male
659,Linda,Mora,linda.mora@example.com,27/06/23,15/05/99,Male
660,Scott,Johnson,scott.johnson@example.com,18/10/23,28/10/04,Male
661,George,Morris,george.morris@example.com,02/04/24,15/06/00,Male
662,Michelle,Nash,michelle.nash@example.com,21/04/24,01/04/00,Male
663,Kaylee,Miller,kaylee.miller@example.com,22/09/23,16/05/98,Female
664,Wayne,Tapia,wayne.tapia@example.com,09/10/23,27/12/99,Female
665,Nicole,Taylor,nicole.taylor@example.com,17/09/23,11/10/95,Female
666,Kelly,Russell,kelly.russell@example.com,23/11/23,10/05/97,Female
667,Aaron,Martin,aaron.martin@example.com,03/11/23,23/03/94,Female
668,Matthew,Rich,matthew.rich@example.com,18/08/23,18/07/97,Female
669,Jennifer,Black,jennifer.black@example.com,08/10/23,12/11/97,Female
670,Katie,Johnson,katie.johnson@example.com,31/10/23,29/11/03,Female
671,Dennis,Santiago,dennis.santiago@example.com,20/01/24,28/03/95,Male
672,Joanne,Brown,joanne.brown@example.com,01/03/24,24/09/97,Male
673,Martin,Cunningham,martin.cunningham@example.com,26/04/24,27/09/94,Male
674,Jeremy,Moran,jeremy.moran@example.com,29/06/23,20/09/95,Male
675,Ashley,Wiley,ashley.wiley@example.com,05/04/24,03/10/95,Male
676,Charles,Sellers,charles.sellers@example.com,12/07/23,07/10/95,Female
677,Michael,Dunn,michael.dunn@example.com,03/07/23,04/05/99,Female
678,Robert,Cummings,robert.cummings@example.com,15/09/23,04/01/96,Female
679,Jacob,Kim,jacob.kim@example.com,16/10/23,30/10/95,Male
680,Anthony,Wallace,anthony.wallace@example.com,13/12/23,29/10/01,Female
681,Amber,Fields,amber.fields@example.com,13/02/24,08/06/02,Female
682,Timothy,Gates,timothy.gates@example.com,10/10/23,05/01/02,Male
683,Mary,Gibson,mary.gibson@example.com,25/07/23,08/09/04,Female
684,Jeremy,Stevenson,jeremy.stevenson@example.com,22/04/24,08/01/01,Female
685,William,Jackson,william.jackson@example.com,20/10/23,12/09/01,Female
686,Anthony,Cruz,anthony.cruz@example.com,23/09/23,17/07/04,Male
687,Taylor,Bauer,taylor.bauer@example.com,20/09/23,13/11/96,Female
688,Stacie,Williams,stacie.williams@example.com,05/01/24,19/11/04,Male
689,Karla,Price,karla.price@example.com,15/01/24,10/06/02,Female
690,Tammy,Gardner,tammy.gardner@example.com,21/10/23,15/03/96,Male
691,Antonio,Walker,antonio.walker@example.com,04/05/24,17/03/01,Female
692,Trevor,Fuller,trevor.fuller@example.com,14/09/23,05/08/00,Male
693,Jacob,Sexton,jacob.sexton@example.com,02/02/24,26/07/00,Male
694,Kevin,King,kevin.king@example.com,21/08/23,06/11/01,Female
695,Lisa,Escobar,lisa.escobar@example.com,01/05/24,17/09/04,Male
696,James,Smith,james.smith@example.com,24/06/23,03/12/95,Female
697,Andrea,Ashley,andrea.ashley@example.com,26/09/23,12/10/97,Male
698,Mark,Steele,mark.steele@example.com,13/03/24,27/05/06,Female
699,Darin,Macias,darin.macias@example.com,29/10/23,18/03/98,Female
700,Brooke,Serrano,brooke.serrano@example.com,25/06/23,07/09/02,Male
701,Nicole,Brown,nicole.brown@example.com,11/03/24,12/02/05,Female
702,Valerie,Logan,valerie.logan@example.com,05/01/24,01/08/99,Female
703,John,Carlson,john.carlson@example.com,12/08/23,29/07/93,Female
704,Michael,Gilmore,michael.gilmore@example.com,04/09/23,19/07/01,Female
705,Tyler,Williams,tyler.williams@example.com,01/06/24,30/11/95,Male
706,Timothy,Stewart,timothy.stewart@example.com,15/08/23,04/12/99,Female
707,Sarah,Parker,sarah.parker@example.com,18/05/24,04/05/05,Male
708,Eric,Saunders,eric.saunders@example.com,25/05/24,17/11/94,Male
709,Tracey,Miller,tracey.miller@example.com,28/12/23,10/05/05,Male
710,Kayla,Johnston,kayla.johnston@example.com,10/07/23,24/08/03,Female
711,Julie,Walker,julie.walker@example.com,11/05/24,16/05/00,Male
712,Brian,Sanders,brian.sanders@example.com,28/01/24,16/06/01,Female
713,Jason,Johnson,jason.johnson@example.com,16/08/23,20/09/95,Male
714,Levi,Atkinson,levi.atkinson@example.com,16/09/23,16/04/95,Male
715,Amanda,Ayers,amanda.ayers@example.com,06/04/24,09/12/96,Male
716,Leslie,Pearson,leslie.pearson@example.com,05/09/23,05/08/01,Female
717,Leonard,Price,leonard.price@example.com,17/12/23,01/05/03,Male
718,Jack,Cole,jack.cole@example.com,10/04/24,13/09/00,Female
719,Diane,Wilson,diane.wilson@example.com,22/07/23,05/12/04,Female
720,Robert,Harrison,robert.harrison@example.com,18/02/24,09/02/02,Male
721,Carolyn,Brown,carolyn.brown@example.com,18/04/24,08/03/98,Female
722,Nancy,Stewart,nancy.stewart@example.com,14/11/23,07/02/98,Male
723,Dawn,Thomas,dawn.thomas@example.com,27/11/23,12/06/94,Female
724,Luis,Williams,luis.williams@example.com,06/09/23,19/11/93,Male
725,Christine,Young,christine.young@example.com,12/08/23,10/03/94,Male
726,Anne,King,anne.king@example.com,13/01/24,23/11/04,Male
727,David,Freeman,david.freeman@example.com,21/07/23,04/03/94,Male
728,John,Martin,john.martin@example.com,08/06/24,02/01/98,Female
729,James,Allen,james.allen@example.com,24/06/23,04/11/05,Female
730,Arthur,Austin,arthur.austin@example.com,24/05/24,03/03/98,Male
731,Taylor,Wells,taylor.wells@example.com,28/09/23,15/07/04,Male
732,James,Buck,james.buck@example.com,19/10/23,16/11/01,Female
733,Christina,Clayton,christina.clayton@example.com,02/11/23,07/12/96,Male
734,Justin,Williams,justin.williams@example.com,10/06/24,01/07/04,Male
735,Amber,Mclaughlin,amber.mclaughlin@example.com,02/12/23,27/06/98,Male
736,Susan,Shelton,susan.shelton@example.com,10/03/24,02/02/05,Female
737,Donna,Atkinson,donna.atkinson@example.com,29/11/23,20/10/99,Female
738,Douglas,Collins,douglas.collins@example.com,27/09/23,04/04/97,Male
739,Laura,Juarez,laura.juarez@example.com,29/01/24,02/02/06,Male
740,Jason,Wells,jason.wells@example.com,30/08/23,15/08/93,Male
741,Corey,Smith,corey.smith@example.com,21/03/24,26/06/03,Female
742,Connie,Rivera,connie.rivera@example.com,15/11/23,07/04/96,Male
743,Tanya,Anderson,tanya.anderson@example.com,12/11/23,14/08/97,Female
744,Christopher,Brown,christopher.brown@example.com,09/08/23,12/03/96,Male
745,Brian,Smith,brian.smith@example.com,08/06/24,08/07/97,Female
746,Nicole,Brown,nicole.brown@example.com,05/10/23,28/02/99,Female
747,Nichole,Johnson,nichole.johnson@example.com,06/05/24,14/01/01,Female
748,Timothy,Anderson,timothy.anderson@example.com,10/05/24,01/03/01,Female
749,Dennis,Ayala,dennis.ayala@example.com,19/02/24,30/03/05,Female
750,Lisa,Mitchell,lisa.mitchell@example.com,23/04/24,25/02/03,Female
751,Nathan,Fuller,nathan.fuller@example.com,13/06/24,22/06/99,Female
752,Brian,Fuentes,brian.fuentes@example.com,18/12/23,04/12/97,Male
753,Gerald,Henderson,gerald.henderson@example.com,15/02/24,19/04/01,Male
754,Alexandra,Kelley,alexandra.kelley@example.com,18/10/23,24/03/96,Female
755,Christopher,Savage,christopher.savage@example.com,24/12/23,18/01/04,Female
756,Steven,Friedman,steven.friedman@example.com,22/11/23,11/03/01,Male
757,Kathleen,Rodriguez,kathleen.rodriguez@example.com,03/07/23,23/11/93,Female
758,Jonathan,Thomas,jonathan.thomas@example.com,08/06/24,26/09/04,Male
759,Elizabeth,Love,elizabeth.love@example.com,20/08/23,12/08/93,Female
760,Emily,Campbell,emily.campbell@example.com,02/07/23,04/04/95,Male
761,Alexandria,Hanson,alexandria.hanson@example.com,23/01/24,16/06/98,Female
762,Samuel,Cortez,samuel.cortez@example.com,02/05/24,13/09/03,Female
763,Eric,Acosta,eric.acosta@example.com,13/05/24,14/08/98,Female
764,Lisa,Montgomery,lisa.montgomery@example.com,26/10/23,19/07/95,Female
765,Allison,Sellers,allison.sellers@example.com,26/02/24,12/10/04,Male
766,Kathleen,Livingston,kathleen.livingston@example.com,06/10/23,17/06/94,Female
767,Jennifer,Palmer,jennifer.palmer@example.com,27/09/23,29/04/98,Female
768,Christina,Rojas,christina.rojas@example.com,04/04/24,29/07/03,Male
769,Sarah,Perez,sarah.perez@example.com,03/02/24,13/10/01,Female
770,Joseph,Andrade,joseph.andrade@example.com,26/05/24,27/12/01,Female
771,Anthony,Vaughn,anthony.vaughn@example.com,30/09/23,15/08/03,Male
772,Jessica,Simmons,jessica.simmons@example.com,11/01/24,08/10/04,Female
773,Thomas,Mcdowell,thomas.mcdowell@example.com,22/11/23,09/01/99,Male
774,Jesse,Flores,jesse.flores@example.com,01/09/23,20/11/98,Female
775,Derek,Harris,derek.harris@example.com,14/12/23,23/06/00,Female
776,Christine,Burch,christine.burch@example.com,29/09/23,07/06/99,Male
777,Jonathan,Joseph,jonathan.joseph@example.com,17/05/24,21/12/00,Male
778,Alexis,Knight,alexis.knight@example.com,03/08/23,08/01/94,Female
779,Daniel,Watson,daniel.watson@example.com,03/05/24,10/07/93,Female
780,Stacy,Stevenson,stacy.stevenson@example.com,03/11/23,30/01/05,Female
781,Dustin,Roy,dustin.roy@example.com,25/03/24,27/11/03,Female
782,Mathew,Schaefer,mathew.schaefer@example.com,31/10/23,20/02/01,Male
783,Jill,Montoya,jill.montoya@example.com,22/10/23,30/05/95,Male
784,Andrew,Davis,andrew.davis@example.com,26/01/24,15/11/01,Female
785,Cynthia,Hart,cynthia.hart@example.com,31/05/24,11/10/02,Male
786,Mark,Preston,mark.preston@example.com,28/04/24,01/12/97,Male
787,Laura,Holt,laura.holt@example.com,26/03/24,22/01/00,Female
788,Wanda,Stanton,wanda.stanton@example.com,23/01/24,23/04/96,Male
789,John,Adams,john.adams@example.com,13/08/23,03/10/00,Female
790,Jill,Carr,jill.carr@example.com,21/12/23,21/08/98,Female
791,Jacqueline,Ruiz,jacqueline.ruiz@example.com,15/12/23,25/03/99,Male
792,Pamela,Mckee,pamela.mckee@example.com,21/12/23,19/09/93,Female
793,Leslie,Thompson,leslie.thompson@example.com,23/08/23,20/03/04,Female
794,Melinda,Garcia,melinda.garcia@example.com,09/07/23,20/04/04,Female
795,Stefanie,Davis,stefanie.davis@example.com,19/03/24,10/09/05,Male
796,Timothy,Cooper,timothy.cooper@example.com,09/03/24,22/11/01,Male
797,Nancy,Ball,nancy.ball@example.com,21/04/24,24/08/99,Male
798,Rachel,Jarvis,rachel.jarvis@example.com,09/03/24,06/01/04,Female
799,Michael,Thomas,michael.thomas@example.com,20/11/23,29/04/95,Male
800,Tiffany,Duran,tiffany.duran@example.com,20/03/24,14/09/95,Female
801,Emily,Burns,emily.burns@example.com,13/12/23,09/11/98,Female
802,Patricia,Russell,patricia.russell@example.com,18/07/23,08/12/04,Male
803,David,Johnson,david.johnson@example.com,05/01/24,18/12/97,Male
804,Anthony,Reeves,anthony.reeves@example.com,20/07/23,02/02/98,Female
805,Timothy,Jackson,timothy.jackson@example.com,09/05/24,02/03/05,Female
806,Christine,Wheeler,christine.wheeler@example.com,13/06/24,06/01/94,Female
807,Rebecca,Jackson,rebecca.jackson@example.com,01/02/24,15/01/98,Male
808,Sonya,Jones,sonya.jones@example.com,18/01/24,18/03/01,Male
809,Robert,Morrison,robert.morrison@example.com,10/02/24,03/07/99,Female
810,Kathryn,Lopez,kathryn.lopez@example.com,18/03/24,03/07/98,Female
811,Marie,Archer,marie.archer@example.com,19/01/24,05/03/02,Male
812,Carl,Fletcher,carl.fletcher@example.com,10/11/23,15/12/05,Female
813,Michelle,Pittman,michelle.pittman@example.com,24/05/24,14/05/03,Female
814,Connie,Johnson,connie.johnson@example.com,02/11/23,28/05/95,Female
815,Betty,Lane,betty.lane@example.com,04/05/24,23/12/94,Male
816,Candace,Johnson,candace.johnson@example.com,20/11/23,27/08/96,Male
817,Vanessa,Pacheco,vanessa.pacheco@example.com,29/01/24,03/06/05,Female
818,Tracy,Oliver,tracy.oliver@example.com,06/12/23,09/03/97,Female
819,Jesus,Coleman,jesus.coleman@example.com,22/07/23,12/07/97,Female
820,Timothy,Manning,timothy.manning@example.com,16/07/23,04/09/96,Male
821,Julia,Murray,julia.murray@example.com,04/06/24,13/12/01,Female
822,Colin,Miller,colin.miller@example.com,23/12/23,17/04/00,Female
823,Ian,Bradley,ian.bradley@example.com,16/01/24,15/11/98,Male
824,Keith,King,keith.king@example.com,14/02/24,06/02/04,Female
825,Diana,Stevens,diana.stevens@example.com,26/10/23,20/02/05,Male
826,Edward,Myers,edward.myers@example.com,29/12/23,09/02/01,Male
827,Michael,Baker,michael.baker@example.com,30/08/23,09/10/97,Male
828,Savannah,Morgan,savannah.morgan@example.com,24/06/23,19/06/02,Female
829,Susan,Coleman,susan.coleman@example.com,06/08/23,04/09/98,Male
830,Veronica,Maddox,veronica.maddox@example.com,29/06/23,27/06/93,Female
831,Joseph,Bruce,joseph.bruce@example.com,09/05/24,15/11/00,Male
832,Laura,Wilson,laura.wilson@example.com,25/04/24,28/04/96,Male
833,Melissa,Hunt,melissa.hunt@example.com,09/04/24,06/11/95,Male
834,Bryan,Fields,bryan.fields@example.com,16/02/24,28/02/94,Female
835,Ashley,Smith,ashley.smith@example.com,31/01/24,30/08/03,Female
836,Cody,Vargas,cody.vargas@example.com,01/07/23,24/02/01,Female
837,Christine,Davis,christine.davis@example.com,31/03/24,29/03/97,Female
838,Justin,Mcintosh,justin.mcintosh@example.com,18/07/23,03/02/03,Male
839,Lauren,Phillips,lauren.phillips@example.com,27/07/23,09/06/99,Male
840,Martin,Preston,martin.preston@example.com,15/12/23,16/09/96,Female
841,Jennifer,Mcmillan,jennifer.mcmillan@example.com,26/05/24,29/10/95,Female
842,Elizabeth,Lopez,elizabeth.lopez@example.com,09/02/24,22/07/94,Male
843,Troy,Davis,troy.davis@example.com,07/03/24,14/05/98,Female
844,James,Pham,james.pham@example.com,09/03/24,05/07/05,Male
845,Brendan,Flynn,brendan.flynn@example.com,18/01/24,26/08/02,Female
846,Teresa,Cook,teresa.cook@example.com,07/03/24,05/10/01,Male
847,Brandon,Hall,brandon.hall@example.com,22/04/24,02/06/01,Male
848,Cynthia,Vega,cynthia.vega@example.com,14/04/24,23/09/94,Female
849,Leslie,Howard,leslie.howard@example.com,01/11/23,23/03/01,Male
850,Patrick,Allen,patrick.allen@example.com,02/10/23,24/03/95,Female
851,Amanda,Compton,amanda.compton@example.com,24/02/24,22/06/97,Female
852,Patricia,Potter,patricia.potter@example.com,10/03/24,17/08/01,Female
853,Daisy,Crosby,daisy.crosby@example.com,25/12/23,07/05/95,Female
854,Jonathan,Lee,jonathan.lee@example.com,29/02/24,07/02/02,Female
855,Heidi,Romero,heidi.romero@example.com,03/08/23,08/03/00,Female
856,George,Davis,george.davis@example.com,15/09/23,07/11/96,Female
857,Thomas,Hardy,thomas.hardy@example.com,09/05/24,04/07/93,Male
858,Brandon,Young,brandon.young@example.com,12/04/24,05/05/96,Female
859,Tyler,Davis,tyler.davis@example.com,11/01/24,17/07/97,Male
860,Charles,Allen,charles.allen@example.com,21/02/24,13/09/04,Male
861,Karen,Leach,karen.leach@example.com,10/12/23,25/10/95,Male
862,Andrew,Aguilar,andrew.aguilar@example.com,04/01/24,21/11/94,Female
863,Logan,Tucker,logan.tucker@example.com,18/08/23,03/01/00,Male
864,Christine,Castro,christine.castro@example.com,07/10/23,18/01/99,Female
865,David,Jackson,david.jackson@example.com,20/09/23,21/05/97,Female
866,Laura,Hopkins,laura.hopkins@example.com,19/07/23,13/05/05,Male
867,Justin,Moreno,justin.moreno@example.com,07/10/23,15/12/01,Female
868,Nancy,Clark,nancy.clark@example.com,16/10/23,29/12/05,Male
869,Allison,Hill,allison.hill@example.com,23/03/24,20/08/00,Female
870,Steve,Smith,steve.smith@example.com,12/12/23,01/03/99,Female
871,Evan,Hall,evan.hall@example.com,21/12/23,04/10/01,Female
872,Randy,Ortiz,randy.ortiz@example.com,18/11/23,24/06/99,Female
873,Heidi,Jackson,heidi.jackson@example.com,22/05/24,23/06/93,Female
874,Kristy,Thomas,kristy.thomas@example.com,11/09/23,09/02/99,Female
875,Austin,Lee,austin.lee@example.com,01/06/24,16/02/03,Male
876,Yvonne,Reid,yvonne.reid@example.com,22/09/23,09/06/01,Female
877,Valerie,Ellis,valerie.ellis@example.com,26/10/23,25/05/06,Female
878,Alexandria,Brown,alexandria.brown@example.com,09/04/24,29/03/05,Male
879,Michael,Scott,michael.scott@example.com,10/04/24,24/01/97,Male
880,Frank,Ayers,frank.ayers@example.com,03/03/24,29/02/00,Male
881,Monique,Santiago,monique.santiago@example.com,12/07/23,11/08/00,Male
882,Annette,Martinez,annette.martinez@example.com,25/05/24,20/07/00,Male
883,Angela,Gonzales,angela.gonzales@example.com,16/05/24,16/09/96,Male
884,Jose,Fleming,jose.fleming@example.com,22/07/23,04/12/93,Male
885,Stephanie,Little,stephanie.little@example.com,26/04/24,17/03/00,Male
886,Ashley,Norman,ashley.norman@example.com,06/07/23,11/05/95,Female
887,Austin,Hernandez,austin.hernandez@example.com,24/03/24,24/05/98,Male
888,Heather,Garcia,heather.garcia@example.com,18/02/24,15/06/05,Female
889,Shane,Williams,shane.williams@example.com,16/07/23,02/10/00,Male
890,Johnathan,Olson,johnathan.olson@example.com,08/08/23,10/03/94,Male
891,Evan,Lam,evan.lam@example.com,26/12/23,04/07/94,Male
892,Monica,Jones,monica.jones@example.com,06/02/24,04/03/98,Male
893,Angela,Torres,angela.torres@example.com,30/10/23,30/11/93,Male
894,Jason,Andrews,jason.andrews@example.com,13/07/23,31/01/95,Male
895,Steven,Blake,steven.blake@example.com,02/06/24,13/12/93,Male
896,Justin,Perkins,justin.perkins@example.com,27/05/24,06/10/96,Female
897,Latoya,Trujillo,latoya.trujillo@example.com,29/06/23,05/06/95,Female
898,Nicholas,Bass,nicholas.bass@example.com,29/01/24,28/03/95,Male
899,Sandra,Smith,sandra.smith@example.com,30/10/23,11/01/98,Female
900,Willie,Walter,willie.walter@example.com,15/08/23,17/05/00,Male
901,Walter,Wilkinson,walter.wilkinson@example.com,28/03/24,28/05/05,Female
902,Alicia,Martinez,alicia.martinez@example.com,06/07/23,07/05/01,Male
903,Sandra,Mason,sandra.mason@example.com,19/04/24,19/05/03,Male
904,Mackenzie,Townsend,mackenzie.townsend@example.com,01/03/24,20/05/00,Male
905,Heather,Matthews,heather.matthews@example.com,23/08/23,29/08/95,Male
906,Sandra,Crawford,sandra.crawford@example.com,27/05/24,19/08/98,Male
907,Edward,Abbott,edward.abbott@example.com,07/12/23,03/08/94,Female
908,Nathan,Savage,nathan.savage@example.com,17/06/24,05/12/05,Male
909,Adam,Howard,adam.howard@example.com,25/04/24,29/09/94,Male
910,Annette,Gentry,annette.gentry@example.com,12/01/24,05/11/97,Male
911,Michele,Morris,michele.morris@example.com,29/01/24,12/07/93,Male
912,Robert,Bennett,robert.bennett@example.com,27/01/24,22/10/04,Female
913,Keith,Gonzales,keith.gonzales@example.com,13/05/24,27/11/03,Female
914,Meghan,Shaffer,meghan.shaffer@example.com,19/12/23,23/05/97,Male
915,Margaret,Snow,margaret.snow@example.com,22/01/24,14/07/02,Male
916,Edward,Lawson,edward.lawson@example.com,28/11/23,18/01/98,Female
917,Daniel,Hughes,daniel.hughes@example.com,23/04/24,19/08/04,Female
918,Anna,Freeman,anna.freeman@example.com,27/09/23,03/11/05,Male
919,Rhonda,Campbell,rhonda.campbell@example.com,19/12/23,22/08/03,Female
920,Daniel,Lawrence,daniel.lawrence@example.com,16/12/23,06/03/01,Female
921,Penny,Welch,penny.welch@example.com,30/04/24,25/04/00,Female
922,Ryan,Chavez,ryan.chavez@example.com,04/09/23,07/11/95,Male
923,Juan,Wagner,juan.wagner@example.com,04/12/23,14/10/93,Female
924,Bonnie,Long,bonnie.long@example.com,22/12/23,11/11/94,Female
925,Tonya,Castro,tonya.castro@example.com,06/12/23,27/09/98,Female
926,Tamara,Riggs,tamara.riggs@example.com,07/04/24,17/07/05,Male
927,Antonio,Barnett,antonio.barnett@example.com,25/09/23,19/04/02,Male
928,Emily,Ruiz,emily.ruiz@example.com,21/03/24,10/03/03,Female
929,Nichole,Johnson,nichole.johnson@example.com,06/06/24,05/02/98,Male
930,William,Douglas,william.douglas@example.com,12/07/23,19/07/96,Female
931,Daniel,Gomez,daniel.gomez@example.com,19/11/23,11/02/94,Female
932,Julia,Myers,julia.myers@example.com,22/02/24,29/05/00,Female
933,Danielle,Medina,danielle.medina@example.com,22/11/23,18/08/04,Female
934,Daniel,Hawkins,daniel.hawkins@example.com,18/07/23,01/06/95,Male
935,Elizabeth,Madden,elizabeth.madden@example.com,28/01/24,12/07/01,Male
936,Tracy,King,tracy.king@example.com,12/07/23,16/12/93,Male
937,James,Williams,james.williams@example.com,07/08/23,18/09/99,Female
938,Linda,White,linda.white@example.com,28/06/23,28/07/99,Female
939,Michael,Collins,michael.collins@example.com,15/05/24,10/11/02,Male
940,Charles,Porter,charles.porter@example.com,24/12/23,16/12/99,Female
941,Christina,Hill,christina.hill@example.com,14/07/23,24/09/95,Female
942,Gary,Hampton,gary.hampton@example.com,10/09/23,01/08/93,Male
943,John,Guerrero,john.guerrero@example.com,18/06/24,04/11/03,Male
944,Ryan,Wright,ryan.wright@example.com,24/06/23,16/02/99,Female
945,Jasmine,Watson,jasmine.watson@example.com,08/10/23,17/11/97,Female
946,Allison,Peterson,allison.peterson@example.com,17/12/23,22/12/94,Male
947,Frank,Decker,frank.decker@example.com,05/10/23,05/12/97,Male
948,Deborah,Manning,deborah.manning@example.com,31/10/23,25/08/03,Female
949,Mary,Gibson,mary.gibson@example.com,15/11/23,14/06/95,Male
950,Nicole,Wagner,nicole.wagner@example.com,19/01/24,20/11/05,Female
951,Cathy,Baker,cathy.baker@example.com,09/09/23,10/12/93,Male
952,Jasmine,Shelton,jasmine.shelton@example.com,16/08/23,25/06/05,Male
953,Rodney,Spencer,rodney.spencer@example.com,11/11/23,29/07/05,Male
954,Heidi,Miller,heidi.miller@example.com,22/10/23,20/06/03,Female
955,Rachel,Stevens,rachel.stevens@example.com,14/10/23,09/02/00,Female
956,Jessica,Davidson,jessica.davidson@example.com,09/01/24,16/05/94,Female
957,Kelly,Wheeler,kelly.wheeler@example.com,24/09/23,13/04/98,Female
958,Joshua,Wagner,joshua.wagner@example.com,22/10/23,10/01/97,Male
959,Alexandra,Klein,alexandra.klein@example.com,30/06/23,08/06/02,Female
960,Kaylee,Frye,kaylee.frye@example.com,25/03/24,17/03/00,Female
961,Alyssa,Chen,alyssa.chen@example.com,07/10/23,10/09/01,Male
962,Hailey,Harmon,hailey.harmon@example.com,13/12/23,28/09/04,Male
963,Leon,Kemp,leon.kemp@example.com,03/08/23,09/02/00,Female
964,Michael,Holmes,michael.holmes@example.com,19/02/24,20/04/04,Female
965,Shawn,Hernandez,shawn.hernandez@example.com,19/01/24,22/12/93,Male
966,Ryan,Harris,ryan.harris@example.com,01/05/24,10/02/98,Female
967,Kayla,Knight,kayla.knight@example.com,23/01/24,13/08/04,Male
968,Joseph,Berry,joseph.berry@example.com,20/04/24,31/07/99,Male
969,Jessica,Williams,jessica.williams@example.com,11/03/24,25/05/94,Female
970,Justin,Kelly,justin.kelly@example.com,14/04/24,18/07/94,Male
971,Donna,Spears,donna.spears@example.com,03/12/23,22/09/95,Male
972,Cynthia,Hart,cynthia.hart@example.com,11/05/24,29/11/96,Female
973,Dana,Doyle,dana.doyle@example.com,11/08/23,17/09/04,Male
974,Larry,Jackson,larry.jackson@example.com,18/11/23,13/11/97,Female
975,Shelley,Nunez,shelley.nunez@example.com,08/03/24,27/07/96,Female
976,Steven,Blackburn,steven.blackburn@example.com,14/12/23,15/09/04,Male
977,Scott,Clay,scott.clay@example.com,04/10/23,13/10/03,Female
978,Dustin,Willis,dustin.willis@example.com,28/05/24,28/03/95,Female
979,Louis,Nunez,louis.nunez@example.com,29/12/23,09/05/96,Female
980,Lori,Harmon,lori.harmon@example.com,24/06/23,30/05/98,Male
981,Tabitha,Smith,tabitha.smith@example.com,19/12/23,04/06/01,Male
982,Stephen,Foster,stephen.foster@example.com,29/10/23,25/06/93,Female
983,John,Morris,john.morris@example.com,29/11/23,03/02/01,Male
984,Ronald,Henderson,ronald.henderson@example.com,27/10/23,21/05/03,Male
985,Evan,Hoffman,evan.hoffman@example.com,07/11/23,07/09/03,Male
986,Chad,Moore,chad.moore@example.com,18/08/23,04/07/93,Female
987,Alexander,Horton,alexander.horton@example.com,21/10/23,05/10/97,Female
988,Michelle,Diaz,michelle.diaz@example.com,03/11/23,21/06/01,Male
989,Stephanie,Guerra,stephanie.guerra@example.com,21/07/23,02/07/00,Male
990,Linda,Garcia,linda.garcia@example.com,15/08/23,09/09/93,Male
991,Sean,Jones,sean.jones@example.com,01/02/24,14/02/03,Male
992,Diamond,Guerra,diamond.guerra@example.com,26/01/24,18/10/01,Male
993,Lisa,Powell,lisa.powell@example.com,10/11/23,14/05/06,Female
994,Paul,Cruz,paul.cruz@example.com,01/11/23,18/12/02,Male
995,Kenneth,Jackson,kenneth.jackson@example.com,10/03/24,21/07/02,Male
996,Donna,Marshall,donna.marshall@example.com,03/10/23,20/10/05,Male
997,Heather,Francis,heather.francis@example.com,02/06/24,20/12/04,Male
998,Lawrence,Bell,lawrence.bell@example.com,02/09/23,20/06/06,Female
999,Julie,Jones,julie.jones@example.com,13/07/23,05/10/05,Female
1000,Amber,Vasquez,amber.vasquez@example.com,27/09/23,03/05/96,Male
